use case_study_module4;

insert into position
(position_name)
values ('Quản lý'),
       ('Nhân viên');
       
       
insert into education_degree
(education_degree_name)
values ('Trung Cấp'),
       ('Cao Đẳng'),
       ('Đại Học'),
       ('Sau Đại Học');
       
       
insert into division
(division_name)
values ('Sale-Marketing'),
       ('Hành chính'),
       ('Phục vụ'),
       ('Quản lý');
       
       
insert into customer_type
(customer_type_name)
values ('Diamond'),
       ('Platinum'),
       ('Gold'),
       ('Silver'),
       ('Member');
       
       
insert into rent_type
(rent_type_name)
values ('year'),
       ('month'),
       ('day'),
       ('hour');
       
       
insert into service_type
(service_type_name)
values ('Villa'),
       ('House'),
       ('Room');
       
INSERT into `role` (role_name) 
values("admin"),
       ("userApp");
        
        
        
insert into attach_service
(attach_service_name, attach_service_cost, attach_service_unit, attach_service_status)
values ('Karaoke', 10000, 'giờ', 'tiện nghi, hiện tại'),
       ('Thuê xe máy', 10000, 'chiếc', 'hỏng 1 xe'),
       ('Thuê xe đạp', 20000, 'chiếc', 'tốt'),
       ('Buffet buổi sáng', 15000, 'suất', 'đầy đủ đồ ăn, tráng miệng'),
       ('Buffet buổi trưa', 90000, 'suất', 'đầy đủ đồ ăn, tráng miệng'),
       ('Buffet buổi tối', 16000, 'suất', 'đầy đủ đồ ăn, tráng miệng');
       
INSERT into `userApp`
values
 ("annguyen@furama.com","annguyen123"),
 ("binhlv@furama.com","binhlv123"),
 ("thiyen@furama.com","thiyen123"),
 ("toan0404@furama.com","toan0404"),
 ("phatphat@furama.com","phatphat123"),
 ("annghi20@furama.com","annghi20"),
 ("nhh0101@furama.com","nhh0101"),
 ("donghanguyen@furama.com","donghanguyen123"),
 ("hoangtong@furama.com","hoangtong123"),
 ("nguyencongdao12@furama.com","nguyencongdao123");
       
       
       
 insert into user_role 
 values (1,"annguyen@furama.com"),
 (2,"binhlv@furama.com"),
  (1,"thiyen@furama.com"),
 (1,"toan0404@furama.com"),
 (2,"phatphat@furama.com"),
  (2,"annghi20@furama.com"),
 (2,"nhh0101@furama.com"),
 (1,"donghanguyen@furama.com"),
 (1,"hoangtong@furama.com"),
 (2,"nguyencongdao12@furama.com");
 
 
insert into employee
(employee_name, employee_birthday, employee_id_card, employee_salary, employee_phone, employee_email, employee_address, position_id, education_degree_id, division_id,username)
values ('Nguyễn Văn An', '1970-11-07', '456231786', 10000000, '0901234121', 'annguyen@gmail.com',
        '295 Nguyễn Tất Thành, Đà Nẵng', 1, 3, 1,"annguyen@furama.com"),
       ('Lê Văn Bình', '1997-04-09', '654231234', 7000000, '0934212314', 'binhlv@gmail.com', '22 Yên Bái, Đà Nẵng', 1,
        2, 2,"binhlv@furama.com"),
       ('Hồ Thị Yến', '1995-12-12', '999231723', 14000000, '0412352315', 'thiyen@gmail.com',
        'K234/11 Điện Biên Phủ, Gia Lai', 1, 3, 2,"thiyen@furama.com"),
       ('Võ Công Toản', '1980-04-04', '123231365', 17000000, '0374443232', 'toan0404@gmail.com',
        '77 Hoàng Diệu, Quảng Trị', 1, 4, 4,"toan0404@furama.com"),
       ('Nguyễn Bỉnh Phát', '1999-12-09', '454363232', 6000000, '0902341231', 'phatphat@gmail.com',
        '43 Yên Bái, Đà Nẵng', 2, 1, 1,"phatphat@furama.com"),
       ('Khúc Nguyễn An Nghi', '2000-11-08', '964542311', 7000000, '0978653213', 'annghi20@gmail.com',
        '294 Nguyễn Tất Thành, Đà Nẵng', 2, 2, 3,"annghi20@furama.com"),
       ('Nguyễn Hữu Hà', '1993-01-01', '534323231', 8000000, '0941234553', 'nhh0101@gmail.com',
        '4 Nguyễn Chí Thanh, Huế', 2, 3, 2,"nhh0101@furama.com"),
       ('Nguyễn Hà Đông', '1989-09-03', '234414123', 9000000, '0642123111', 'donghanguyen@gmail.com',
        '111 Hùng Vương, Hà Nội', 2, 4, 4,"donghanguyen@furama.com"),
       ('Tòng Hoang', '1982-09-03', '256781231', 6000000, '0245144444', 'hoangtong@gmail.com', '213 Hàm Nghi, Đà Nẵng',
        2, 4, 4,"hoangtong@furama.com"),
       ('Nguyễn Công Đạo', '1994-01-08', '755434343', 8000000, '0988767111', 'nguyencongdao12@gmail.com',
        '6 Hoà Khánh, Đồng Nai', 2, 3, 2,"nguyencongdao12@furama.com");
        
        
insert into customer
(customer_code,customer_name, customer_birthday, customer_gender, customer_id_card, customer_phone, customer_email, customer_address, customer_type_id)
values ('KH-0001','Nguyễn Thị Hào', '1970-11-07', b'0', '643431213', '0945423362', 'thihao07@gmail.com',
        '23 Nguyễn Hoàng,Đà Nẵng', 5),
       ('KH-0002','Phạm Xuân Diệu', '1992-08-08', b'1', '865342123', '0954333333', 'xuandieu92@gmail.com',
        'K77/22 Thái Phiên, Quảng Trị', 3),
       ('KH-0003','Trương Đình Nghệ', '1990-02-27', b'1', '488645199', '0373213122', 'nghenhan2702@gmail.com',
        'K323/12 Ông Ích Khiêm, Vinh', 1),
       ('KH-0004','Dương Văn Quan', '1981-07-08', b'1', '543432111', '0490039241', 'duongquan@gmail.com',
        'K453/12 Lê Lợi, Đà Nẵng', 1),
       ('KH-0005','Hoàng Trần Nhi Nhi', '1995-12-09', b'0', '795453345', '0312345678', 'nhinhi123@gmail.com',
        '224 Lý Thái Tổ, Gia Lai', 4),
       ('KH-0006','Tôn Nữ Mộc Châu', '2005-12-06', b'0', '732434215', '0988888844', 'tonnuchau@gmail.com', '37 Yên Thế, Đà Nẵng',
        4),
       ('KH-0065','Nguyễn Mỹ Kim', '1984-04-08', b'0', '856453123', '0912345698', 'kimcuong84@gmail.com',
        'K123/45 Lê Lợi, Hồ Chí Minh', 1),
       ('KH-0012','Nguyễn Thị Hào', '1999-04-08', b'0', '965656433', '0763212345', 'haohao99@gmail.com',
        '55 Nguyễn Văn Linh, Kon Tum', 3),
       ('KH-0101','Trần Đại Danh', '1994-07-01', b'1', '432341235', '0643343433', 'danhhai99@gmail.com',
        '24 Lý Thường Kiệt, Quảng Ngãi', 1),
       ('KH-0008','Nguyễn Tâm Đắc', '1989-07-01', b'1', '344343432', '0987654321', 'tdactam@gmail.com', '22 Ngô Quyền, Đà Nẵng',
        2);
        

insert into service
(service_code,service_name, service_area, service_cost, service_max_people, standard_room, description_other_convenience, pool_area, number_of_floors,
 rent_type_id, service_type_id)
values ('DV-1001','Villa Beach Front', 25000, 10000000, 10, 'vip', 'Có hồ bơi', 500, 4, 3, 1),
       ('DV-1021','House Princess 01', 14000, 5000000, 7, 'vip', 'Có thêm bếp nướng', null, 3, 2, 2),
       ('DV-1321','Room Twin 01', 5000, 1000000, 2, 'normal', 'Có tivi', null, null, 4, 3),
       ('DV-3021','Villa No Beach Front', 22000, 9000000, 8, 'normal', 'Có hồ bơi', 300, 3, 3, 1),
       ('DV-4221','House Princess 02', 10000, 4000000, 5, 'normal', 'Có thêm bếp nướng', null, 2, 3, 2),
       ('DV-1056','Room Twin 02', 3000, 900000, 2, 'normal', 'Có tivi', null, null, 4, 3);
       
       
insert into contract
(contract_start_day, contract_end_day, contract_deposit,contract_total_money,employee_id, customer_id, service_id)
values ('2020-12-08', '2020-12-08', 0,6000, 3, 'KH-0001', 'DV-1321'),
       ('2020-07-14', '2020-07-21', 200000,500000, 7, 'KH-0003', 'DV-1001'),
       ('2021-03-15', '2021-03-17', 50000,100000 , 3,'KH-0004', 'DV-1021'),
       ('2021-01-14', '2021-01-18', 100000,200000 , 7, 'KH-0005', 'DV-4221'),
       ('2021-07-14', '2021-07-15', 0,200000 , 7, 'KH-0002', 'DV-1056'),
       ('2021-06-03', '2021-06-03', 0,300000 , 7, 'KH-0101', 'DV-1056'),
       ('2021-09-05', '2021-09-05', 100000,700000 , 7, 'KH-0004', 'DV-3021'),
       ('2021-06-18', '2021-06-18', 150000 ,250000 , 3,'KH-0004','DV-1001'),
       ('2020-11-19', '2020-11-19', 0,240000 , 3, 'KH-0004', 'DV-1321'),
       ('2021-04-14', '2021-04-14', 0,45000 , 10, 'KH-0003', 'DV-1056'),
       ('2021-04-25', '2021-04-25', 0,89000 , 2, 'KH-0002', 'DV-4221'),
       ('2021-05-27', '2021-05-27', 0,90000 , 7, 'KH-0101', 'DV-1001');
       
       
insert into contract_detail
(quantity, contract_id, attach_service_id)
values (5, 2, 4),
       (8, 2, 5),
       (15, 2, 6),
       (1, 3, 1),
       (11, 3, 2),
       (1, 1, 3),
       (2, 1, 2),
       (2, 12, 2);
       

